[
    {
        "model": "server.QuestionLevel",
        "pk": 1,
        "fields": {
            "level": 1
        }
    },
    {
        "model": "server.QuestionLevel",
        "pk": 2,
        "fields": {
            "level": 2
        }
    },
    {
        "model": "server.QuestionLevel",
        "pk": 3,
        "fields": {
            "level": 3
        }
    },
    {
        "model": "server.QuestionLevel",
        "pk": 4,
        "fields": {
            "level": 4
        }
    },
    {
        "model": "server.QuestionLevel",
        "pk": 5,
        "fields": {
            "level": 5
        }
    },
    {
        "model": "server.QuestionLevel",
        "pk": 6,
        "fields": {
            "level": 6
        }
    },
    {
        "model": "server.QuestionLevel",
        "pk": 7,
        "fields": {
            "level": 7
        }
    },
    {
        "model": "server.QuestionLevel",
        "pk": 8,
        "fields": {
            "level": 8
        }
    },
    {
        "model": "server.QuestionLevel",
        "pk": 9,
        "fields": {
            "level": 9
        }
    },
    {
        "model": "server.QuestionLevel",
        "pk": 10,
        "fields": {
            "level": 10
        }
    }
]